Crude Name,StdLiquidDensity (kg/m3),SulfurByWt (%),ConradsonCarbonByWt (%),NitrogenByWt (%),Distillation Mass @ X Pct (C)@ 1 (%) - TBP,Distillation Mass @ X Pct (C)@ 5 (%) - TBP,Distillation Mass @ X Pct (C)@ 10 (%) - TBP,Distillation Mass @ X Pct (C)@ 30 (%) - TBP,Distillation Mass @ X Pct (C)@ 50 (%) - TBP,Distillation Mass @ X Pct (C)@ 70 (%) - TBP,Distillation Mass @ X Pct (C)@ 90 (%) - TBP,Distillation Mass @ X Pct (C)@ 95 (%) - TBP,Distillation Mass @ X Pct (C)@ 99 (%) - TBP,AromByWt (%),NaphthenesByWt (%),ParaffinsByWt (%),KinematicViscosity (cSt)@ 37.78 (C),KinematicViscosity (cSt)@ 98.89 (C),CetaneNumber,BromineNumber,AnilinePoint (C),FreezePoint (C),PourPoint (C),CloudPoint (C),TotalAcidNumber (mg KOH/g),CtoHRatioByWt
Achinsk-2015,926.440712506827,24.6067858573689,5.82736878231129,0.209873657312239,-17.8131833296708,99.5044326843539,239.896662429235,398.590561979755,481.984170243633,561.500466133681,665.837148672756,714.976169629759,806.21746900998,80.4705292292716,15.0971035923056,4.43236717842274,57.2992918615153,7.64442822441154,50.2670610398152,,65.6393356114982,108.476407765513,31.1141309459803,35.3554481115508,0.121041644902212,7.22002915274994
Akpo-2014,794.689602545977,0.0705914624460584,0.732083478623119,0.0628248553502727,-16.24455065395,24.6797124176405,74.0319957189718,147.692241967915,231.447841036801,311.635863925248,465.560748030409,539.770950861863,687.654783301487,24.5711409232776,41.0117544643024,34.4171046124199,1.7573028543796,0.833437569080932,48.0343580998625,,10.9072775318534,-32.7698634504021,13.927942770478,20.8618176770324,0.0804319012832929,5.82952871403657
AlJurf-2014,874.431106416808,1.82695672068886,5.24192437862198,0.168953495696672,26.2367850166523,98.8568639127233,138.763062951895,251.728373571082,354.117492930395,468.885623448626,655.500148922533,748.288325875114,914.614065165936,42.1579423046285,36.7729977515594,21.0690599438121,7.05914911333451,2.02549206169594,53.5049421308344,,40.1985155966459,5.82325799130342,25.6013847715838,31.6228428475693,0.0556705765697563,6.65411668397689
AlJurf-2015,872.972556929962,1.8409263478945,5.36574181397336,0.146255078321504,26.4081620088444,96.1288656577071,135.041586356177,248.512058492105,351.41207984434,481.574376543827,655.699457951919,736.13897244237,885.38183890094,39.1224942692644,39.7304266870379,21.1470790436977,6.77137102006056,2.01032962388146,54.2132820772975,,39.9581056505241,18.3770833547438,27.1359755519757,32.6849433806754,0.0284941454845421,6.65893949332293
Alba-1994,937.762899432313,1.32211062240069,5.84773852766459,0.196514841534904,159.292817028008,225.625562279771,264.407311074949,363.170600981422,470.497570195058,595.448492857681,779.746511215102,866.765918536226,1005.91858960156,45.1136316704706,53.3901346708283,1.49623365870113,208.950655083803,7.7853062269412,57.443851709777,,76.4968750559715,1.0731699483693,13.9300971147434,40.7462521315051,1.12792962258153,7.4990639537196
Alba-2002,932.299295998291,1.18862134115405,4.61562171813524,0.226564831007588,123.671482180761,208.861672512281,254.256413254822,357.50206447409,459.75546561908,566.808668879521,718.285795298977,790.386373041259,925.151275426066,43.6928227906245,54.1364148356496,2.17076237372591,57.5107882851462,7.38119815238387,55.4477454570738,,74.8100186712095,25.9704551872406,-10.8253387913511,59.0570458549676,0.557564247413292,9.21797839113244
Alba-2012,934.718850101104,1.25432197092469,7.2964548710088,0.220452661147408,127.209058518671,191.66872595217,241.194849732,350.718784559039,450.253388555248,568.009018166856,737.938987536733,819.140732509044,963.333194279154,36.755820243433,60.6605355553858,2.58364420118114,74.735481797634,8.27927920440891,54.2860001727767,,73.3590465133654,33.1456030555669,10.8983403775364,44.0823713940105,0.935661350576212,9.31481506681956
AlbacoraLeste-2009,930.589169664653,0.565706997863399,6.18355989470547,0.34114932450514,67.0339025700953,148.456450817759,211.594168167868,348.470982501822,463.245837210797,571.239725830147,723.221338756931,795.973535777474,931.783013321641,47.245223626447,44.6896028468795,8.06517352667353,72.651555368675,8.06149580408277,50.1517374006867,,65.9257469714745,32.7417323024942,11.3999821517189,58.0913078357884,1.78668088021993,7.29965511760299
Ashtart-2015,870.860259522826,1.00229760101454,5.19411299713192,0.233022244970814,17.4614171169026,84.6080729542551,121.721566404468,248.007853999338,358.275743923535,468.225815050531,781.519484733437,949.416467583365,1161.72397090631,40.4841529010046,44.0177081294346,15.4981389695608,6.6515298282988,1.99058012875146,56.3991093101925,,47.7999482137688,22.8489163420841,27.6496472347579,33.2611273085179,0.0985142359461687,6.64528405719298
AthabascaBitumen-2006,1025.4087232716,4.50970388165807,15.6370202785583,0.5225,217.05794526251,289.364532708572,323.630818705246,395.617914932749,445.629074844501,495.717019630579,568.113050788129,602.775916183598,655.064626400964,98.3013017870236,1.48932296258387,0.209375250392537,"Property
KinematicViscosity (cSt)@ 37.78 (C)    410218.689234
KinematicViscosity (cSt)@ 37.78 (C)    410218.689234
Name: Bulk Value, dtype: float64",10.4832266379586,28.1367064675586,,58.8575437706156,31.0963699262219,-5.28122103664208,9.96679828666033,2.917,17.5173270782421
Azeri-Light-Supsa-2019,846.458826163691,0.147955613748668,0.735865688373271,0.113251382761167,4.26511182419159,81.8316268070613,120.955400458922,229.274959032144,320.21560434601,423.105584605367,575.274503776598,642.156429935017,753.098296314881,21.3641673715351,58.9227576439344,19.7130749845305,3.93702798465944,1.84168598393427,54.6122705608886,,73.1511214974216,-12.3281329263721,11.7614017503495,39.1774988871595,0.265074386375855,7.18135290202838
AzeriLight-2005,846.234057037783,0.147861600134468,1.40282268945223,0.0965664881408125,5.35712593384267,75.7143046227333,127.243190012766,254.365348543341,342.44026065457,444.619251604939,606.996336652202,685.605105803763,825.843807863801,20.74757240397,61.569046076141,17.6833815198889,5.27054329963154,1.79928231181603,59.7586628873572,,36.0867194633732,1.34341067659545,8.44779482803244,46.0107303176814,0.233089212574936,6.97735752663557
Bachaquero-1983,950.66292707168,2.40878613610111,7.84131452315219,0.058,59.0369567685186,148.736642261614,223.668758851715,366.398735292591,473.849022634234,582.223236598778,742.413601141138,818.38486591318,951.088222936526,46.2719976427711,47.8211425590346,5.90685979819426,76.0729291108127,8.41675752309758,54.027784345256,,78.2987886957915,-30.102951821454,-32.4116288084491,-26.6298063459819,0.729981069295229,10.7694485789537
Bachaquero-1992,953.017323407226,2.47046280906852,9.90913308493958,0.291822804041202,53.0956412072086,173.408908380977,245.876768097654,379.917873547345,480.75801077709,581.439166260818,722.310692355194,790.727603905626,909.087877456123,50.1616847702586,45.573437207963,4.26487802177832,240.224577563705,16.5937777970778,48.4132204624026,,64.7240945957798,15.2637145874175,15.9738415187755,55.1646840416158,1.96718118816705,10.5332852055724
Bachaquero-1995,983.109653920691,2.80038740871755,11.9740025754169,0.305650642970297,125.167776331815,234.249721444228,280.349473822358,388.505041919098,522.44323955082,666.944758348709,876.20331747808,976.400671869743,1152.49250619862,45.6648472627691,53.207214175107,1.12793856212384,1357.29492271765,35.2095130332384,49.5082727494908,,89.9145950024524,18.2920194635385,34.4385212839917,81.4449212823501,0.936551007135891,7.8499929937599
BarrowIsland-2007,840.798849381176,0.0480361763228255,0.648225890400222,0.0230295491561015,47.2965648642444,86.7467125048685,112.351669818283,175.688096955612,237.313059080247,300.947600928565,403.047507378125,477.230031146103,603.156542770541,25.2108031034764,58.0017241014083,16.7874727951153,2.22452162606325,0.966332823022849,39.462545253501,,57.4222944184612,-29.2477242165996,-20.5629481266151,11.2456172371489,0.0423776243283388,7.69577224567457
Basrah-Heavy-2021,905.234491209034,3.83251938094951,10.0159237151192,0.184661733324607,18.9472460635641,79.3758228693407,133.153094234887,294.912271281165,424.177917966921,554.019589385536,738.66967100128,827.431538077192,976.047588779435,70.3643608886318,13.7170391855822,15.9185999257859,17.8165939586526,3.66722585485989,50.2311421310249,,71.2495813871811,-4.21895187567929,7.19057714301618,12.9704681416441,0.111852364526798,9.68622997107379
Basrah-Medium-2021,875.916093593738,2.92895850968535,7.12132763318966,0.147052763274803,27.50070260132,73.3730556383097,115.551297304901,252.306719527089,378.184802249821,508.78443723557,703.122108566261,793.457158839367,935.916982236681,62.0814642345772,18.5216351326874,19.3969006327354,8.47049871636732,2.32707942301338,53.4388317833231,,73.4388203211402,-9.63008497923175,7.51567169544109,14.0377239571793,0.111854115153031,8.52334276595059
BasrahLight-2009,870.939151750227,2.97589119772547,5.56548758665496,0.129206163854405,4.81778954867258,72.6808473533219,111.422757226499,242.059223592221,370.859333391823,520.125644501276,745.604828457186,856.052639888989,1051.57273523079,53.4023027854598,21.2822475002704,25.3154497142698,7.11490361467519,2.17176110444286,54.4205190983654,,73.1811769823381,3.26072248270367,-7.23062299325539,37.87936352833,0.0687189532419523,8.11463520181905
Berryl-2011,829.201155476326,0.401637308160041,2.00651996377529,0.105005824980186,11.9281329426663,53.0782034376834,74.188042958356,163.241029625783,267.292908504085,385.570577188481,566.245164645059,671.349814785319,780.658034461313,48.1848273399321,32.8379053769217,18.9772672831462,2.51962586991542,1.02015185185053,48.0735733311874,,70.7208256362465,-23.3498959228234,9.24695400662603,32.634097655437,0.214664813166619,7.07900012815627
Boscan-1983,996.204285112738,5.51070765435555,9.25109842657482,0.058,134.889615923342,241.036667727527,301.311696207768,436.555297782735,521.351392560342,610.56129981789,736.416492585694,798.705569220073,902.038563875907,93.6750834002638,1.73054458267723,4.59437201705902,1140.75273888056,34.4537824761938,39.8375895824324,,52.0132453670499,51.2483204848944,17.117130482882,42.6127254028806,0.730000000000001,12.8952677034796
Bouri-2013,880.904842039878,1.64307793302224,5.70828894304257,0.152672395063415,19.6081202686572,96.8999774943431,138.728425573947,266.098287580342,362.668977660903,471.990312529222,921.50372567141,1111.81306586049,1296.95776802715,38.576121365612,45.2098675158265,16.2140111185616,7.82381316049678,2.159701692938,58.7246604955202,,56.4589611272188,52.9697148543553,25.8033206095234,45.9836221146569,0.0753597479685479,6.77598330833909
Bouri-2015,889.451599872887,1.74080658357658,7.07456156048775,0.132762234060821,24.4774370913567,95.6719603837209,139.192450552437,277.021743294632,386.923706876095,523.126819639428,688.944513000316,768.026001795632,913.189988054472,42.7067868483602,41.8681360522608,15.425077099379,10.9840119913597,2.9000365010213,52.3485933268073,,48.4491004577278,32.0580534727724,29.0779660414275,53.1641750811739,0.0412846352271335,6.84647143925705
Bozhong-2006,951.604950509152,0.303615253413238,8.37628856813681,0.500473907077447,158.533520921617,246.466031250288,300.506984887179,411.247953900019,509.343065837699,621.63267292096,787.793648202652,866.474220867343,1003.31490023523,23.6498297561249,73.8785895341673,2.47158070970783,630.917938475048,27.7725140969067,58.4666559556225,,86.3040495420091,46.9323909111442,20.2736448853231,48.1324917253528,1.39840883996366,10.0350978368714
Cabinda-2000,860.533466456468,0.12433595920449,3.8519409368343,0.182783097522389,-3.77838688073302,86.0056268745226,131.472684158878,275.774846901389,397.854472376516,527.38764373184,713.841193025782,803.13256748294,961.152862744196,27.8616916167841,56.0633209829532,16.0749874002627,9.43623825892321,2.97867038330933,65.1557216426195,,50.233447640389,11.3053808151094,32.7509845821949,38.7179762698833,0.208283836606332,7.20953718253017
Captain-2010,933.016168288379,0.636786620560192,4.04139266112224,0.204795324138855,192.143936712269,243.853444342489,281.605377346875,371.94894248005,451.906939559204,545.361531635098,682.814701447263,748.133787013109,861.544074805256,22.0192037105451,76.677605470197,1.30319081925792,67.6768829315977,8.05301706248607,56.767606561666,,76.8609566040987,31.9221189262979,-12.2958641879497,46.6832291984535,1.50600324033842,9.79867262516103
CerroNegro-2001,951.648645619864,2.81488511125017,8.23721741144456,0.261533600425869,20.0226956129961,186.712363584328,249.436448753391,333.052908797388,410.825015582156,503.152924966523,881.381328860667,1047.73313468917,1177.39811189474,50.6630270402673,42.4912518084569,6.84572115127581,124.166823281525,7.28406266037296,44.1313515208305,,70.2842227460608,45.016893481903,17.488452366632,52.5846527009991,1.26462884547781,7.30977314100805
ChampionExport-1983,907.020056804983,0.135776620072172,1.19155695862131,0.0592064675114414,83.3774295505986,142.04784029354,182.961358866175,253.210223869291,297.595888364323,364.60773167932,480.210916153876,535.343847303841,626.678022360957,36.1721477436978,58.7016135024103,5.12627749061149,15.2806563868454,3.06981641516408,30.6911182812189,,72.9357196361667,-4.70890329609296,-1.78251310984325,24.4776089650475,0.143986605287513,9.90465822528677
Cinta-1983,855.957788009242,0.0741691840312298,4.25602067973564,0.194297321809523,53.1131249379882,134.425354494379,197.453128293778,390.414039150081,499.537332349107,607.195207335659,766.455295762467,842.031884519149,975.164780539725,55.4599577132002,28.7311044400288,15.808937846771,"Property
KinematicViscosity (cSt)@ 37.78 (C)    14.183399
KinematicViscosity (cSt)@ 37.78 (C)    14.183399
Name: Bulk Value, dtype: float64",3.65210162152198,81.0322054538536,,160.157010527045,52.9220802540827,49.0672382623812,56.8522820718831,0.299991981281586,6.55022625784611
Clair-2010,909.569940248528,0.571703437231005,4.65294477773139,0.258459994095118,54.5414125983543,118.48124408685,173.478044951204,314.216814826457,419.083670184363,538.317704112226,769.977046059729,881.735326637749,1073.55883810032,37.0222569497099,52.5077243130783,10.4700187372118,26.4686650757632,4.72429749985641,54.3720257900182,,70.199332266166,25.0773077342981,262.357175175145,436.042405497174,0.768599230538856,8.89966364890473
CoCo-2008,870.355287442908,0.148766314165958,4.41167842339884,0.195818134917613,52.3755527245968,110.546290584418,146.404515103146,290.59858816827,406.490101727035,545.419070673106,763.912659436414,867.859072584238,1051.58869133543,32.2353632890776,52.6427407609876,15.1218959499347,11.310978900389,3.26823327614893,65.0418097605808,,86.1832364412,22.9405437414746,34.3689347355707,44.8317161790402,0.0964816708307385,7.33615439055782
ColdLakeBlend-2011,926.486483094774,3.54664314601755,11.5686755889288,0.35524688933611,39.204997395738,59.2321117994265,94.0455296281644,327.820075769575,456.538755007209,582.319742044021,725.958995112284,768.177886121037,806.854381172958,81.2004233425869,8.92978536037981,9.86979129703326,42.6784488454373,5.08635959197253,44.1982615203032,,57.4252076789546,-10.3299240231171,-26.3251902846056,5.69890218599915,0.713523467055657,11.00554834317
ColdLakeBlend-2013,930.689605121313,3.7832524636281,12.0064349931641,0.387691875516363,38.0598538621053,58.4892485878898,87.9572548200944,350.821733229162,485.291919521376,598.391703452148,730.298562857774,769.360883688777,807.058399682018,63.5565005437273,21.8831677125732,14.5603317436995,118.682728828274,7.88743566442315,45.0759619553603,,65.1027654482248,-6.22975125688083,5.24372347172857,21.6747675203156,0.825454008257062,11.2576960052516
ColdLakeBlend-2020,930.872893912138,3.81772273907805,10.2731477838552,0.31744865496003,39.651869278588,67.2951800144471,121.017624104063,332.738421461711,453.106346848937,578.119725383038,758.754569653198,844.818768328822,981.453677591127,81.5235378321294,9.51672842512431,8.95973374274629,87.3630178444727,9.75278986887218,46.4307343045909,,66.6537208358064,-10.3986207867564,4.67624269293867,9.56058284108187,0.422411133020637,10.5496883255144
Cossack-2016,783.119059262749,0.0307259060767967,0.339761077977794,0.0186922833255124,-10.5663767537552,43.4862856123326,65.0506038584246,124.224999415932,184.084266765472,277.924444857147,380.692240667642,452.893852700965,584.541629137657,17.4436689074334,47.3845671313706,35.1717639611959,1.35883847724508,0.727975152034752,45.8878666268074,,-0.928148596811752,-53.5289970954477,1.49924630643113,24.2203315509181,0.0151560117152833,6.21760105877287
Dubai-2001,873.720278933105,2.08245775861813,5.42767196690846,0.174276230248825,17.320183449992,62.9216871538796,98.8128515130609,238.183162081867,343.542098935295,468.208794433509,682.647868067532,781.61419322419,954.822216657006,62.8562200539588,19.8054456042516,17.3383343417897,5.87868762688791,1.80358473006942,48.954995225782,,37.7483995614243,-10.4981016418001,9.2945782283881,35.7905431952276,0.0499999999999999,8.36571500344052
Duri-2012,930.493982856179,0.208845874783876,11.7581430040905,0.364664895630674,108.98184823657,193.141924523661,256.488205841068,392.852810410684,531.823951793989,689.282243384915,916.498309797495,1025.10362575648,1168.46825785189,24.7269985492126,72.3175610406029,2.95544041018451,173.690347869709,15.6001449751836,58.3320504513723,,90.7052372314848,55.2071478909091,28.7536373489829,50.7062478759402,0.949469907516219,9.60335837940073
Ebok-2015,930.301560737901,0.389290265599135,4.55314023109747,0.398061808888801,57.90131225596,146.477444334976,199.29950354086,305.143619197801,388.70761545467,473.620737511765,655.491212831787,727.902957042116,788.96902401164,84.0621233175525,12.1975465779352,3.74033010451225,54.9063213663216,5.76868044241686,42.4156126959391,,56.2898035116555,-6.62838176280121,2.81384342838027,31.1705709348185,2.82297321983363,10.3260529407187
Ebok-2020,934.344251054069,0.39632383395318,4.92684735921594,0.467826139753343,62.7082562481405,151.327698896694,203.354152823341,308.797763624692,392.496485662434,483.347209994623,630.05894601452,696.599738566912,804.054046161118,84.7146797722575,11.8212205949725,3.46409963277001,108.417239532914,6.73320817009825,41.8660621324515,,57.6598578194369,-38.9527069361145,2.90875731358437,8.03615238345702,0.15297489373442,10.4543676249806
Ecocene-2011,942.659820157857,4.99855788483574,10.9338122211382,0.189673906452195,55.0239745040503,134.668012922851,197.821384035673,358.453865426393,489.960345091862,640.126190666293,858.24949143564,961.540641200228,1151.42075197582,65.5358170738148,24.6097342839286,9.8544486422566,85.0774297985944,9.11711264823905,53.2350331358576,,70.1796782152974,27.9197820900504,8.37464238732758,41.8118515063679,0.171950445957031,9.91687876449561
Espoir-1983,863.426308564884,0.312520612350963,1.60153482536582,0.106098940163239,49.4536919340388,100.58348804604,131.64839279515,237.434804922802,324.937563958427,428.716230793074,576.501850157169,646.564910064904,755.921651598791,23.044219181313,52.7029701118615,24.2528107068255,4.90787975794702,1.6527116813425,51.6916068719281,,76.3328507144739,-3.97098986867229,6.72989181069033,33.794147568664,0.137409430982701,7.75228177855154
Frade-2012,932.688895294238,0.712956943869071,6.58144961506192,0.438605566262241,73.2400535544166,156.238500060303,209.048988648818,337.842308472413,432.985213949933,549.273507460038,725.581740529799,809.415328380586,954.535851228381,40.4687204919309,54.5674614642722,4.96381804379692,36.8973657076316,5.7989509055778,49.709269237235,,66.5694094928529,22.7637475465332,1.50450301526348,41.3211126481004,0.843554755358638,9.84946476606205
Geisum-1992,932.365664162881,4.02328886955737,10.8217916071207,0.274534986829098,57.6759113004058,127.351069368263,184.310821939412,353.489443272156,511.68861484182,690.288625284428,949.669682073322,1073.0526189059,1272.47029747207,52.3360327911982,33.1882189184839,14.4757482903179,88.8090877727637,9.21973329391934,58.8600266022224,,87.2330138955321,33.1167432584711,42.6323002168879,70.8994250033435,0.233040641213919,9.06541564359022
Gianna-1984,1020.18944999847,7.81164521908155,18.2955435327199,0.246869766473842,64.7694296259494,179.56660680236,258.524868697337,472.749271811867,668.748638969429,851.025573707811,1097.71294795754,1207.13463428629,1324.39767378685,90.4819376699387,1.26663512226109,8.25142720780017,1238.05696338558,40.6718631682166,5.05077005638048,,121.201143911308,42.9053945256362,24.1909305584863,35.1393642286638,2.35,12.9373851111657
Giaurone-1991,978.937969170634,7.65380034002901,14.919574348763,0.271197158922029,89.1331357637414,192.885651279056,226.114729029895,341.687137221083,434.906506772118,520.90465095851,645.078018462346,704.694548317445,803.341741947144,43.637537890449,3.59951353894143,52.7629485706096,164.692178755371,10.1129850259753,35.6362029723555,,56.7725861853763,22.820678039807,-8.74588459286025,31.3010068465535,0.747665674659109,12.9210628052018
Gippsland-2021,753.604496096164,0.0445985932291904,0.303298172415517,0.00188912410227499,18.7638782035062,42.5529121580673,50.0379606079771,80.6941140756844,142.034476704066,242.784200725073,395.168012621031,453.92523866287,545.34814528578,19.6979537780356,44.204347452655,36.0976987693094,1.25250129850896,0.671916984845661,48.2132821148432,,59.5272338161658,-49.8897085424233,-11.6746776851099,19.4142485015284,0.0397116154305024,6.07484009765088
Grane-2012,938.999459107865,0.829630764836376,5.52011829030497,0.276296022980871,78.9223529615448,189.607015017812,237.17098143586,339.345428414031,440.252825530707,539.750687308018,687.163744075762,757.080067656875,877.370673008736,41.5452944688861,17.8925855551402,40.5621199759737,62.2939331072996,7.64140958506775,43.6247564498394,,73.3598413144373,4.67903307486375,9.8064543820937,11.7410083925205,1.79295193354978,9.89639737017071
Grogon-2021,764.46771526062,0.00830781539948477,0.0218754629880148,0.000423176800673034,25.3603631522711,46.9987095957807,56.3803534845058,88.6328015290363,135.189076958745,182.557713945545,298.448149849073,355.0672937273,527.157040497925,29.3929121682875,38.8511010145094,31.7559868172031,0.920206417521827,0.48102029581039,36.9964368934409,,54.5542260641469,-82.6763616113054,-38.2392052614303,-25.7048419895164,0.0169140755503931,6.24445939773504
Hebron-2018,931.044035363595,0.791546999586846,4.78855726266407,0.244641781343414,125.722389161961,214.735788692419,256.693073472867,357.08430734254,446.929903928675,543.061794866172,679.552060611705,744.888444321383,854.723000483565,27.2128989897456,71.4250475914969,1.36205342069783,85.9189584866366,8.78065755825966,54.2079236427024,,77.7507879755477,34.216276804749,31.9515656774746,48.8847766844816,1.11720673939478,9.14112987093285
Hibernia-2011,853.415959366536,0.528653758996534,2.76699449754553,0.138687425623943,5.70640189359153,72.897918907498,109.755634664433,226.597317846544,342.073371251868,452.678750076956,666.694101610394,769.23778234609,951.752580615619,35.2516480481976,44.1589707718851,20.5893811799173,5.46776872160329,1.88368534019795,55.3444957172244,,76.6887085444679,2.74394362258829,19.5918003405592,36.8038349000172,0.0400000000000001,7.32935818062459
HondoMonterey-1983,936.059266158639,4.87592164261936,9.60544911262505,0.650647113870993,97.2609176125819,139.71937576116,164.710167323679,331.390974961086,506.961938161627,670.041078792898,783.665419207301,801.612555089185,819.189187630329,78.829940956941,7.72212705535423,13.4479319877048,"Property
KinematicViscosity (cSt)@ 37.78 (C)    194.980986
KinematicViscosity (cSt)@ 37.78 (C)    194.980986
Name: Bulk Value, dtype: float64",14.3163787843831,52.3961941045624,,78.0733244676472,25.1305627266505,2.42028423175941,43.4378950686387,0.43,9.84268493479792
Hungo-2020,879.799246857877,0.652173455169579,5.05240459616731,0.249137771161253,-6.31723802127772,78.5926127854156,122.343019415552,264.765949222877,382.93174616231,501.212621902227,669.543803408831,750.781906702297,900.224172005139,43.6283739112766,42.1053325494086,14.2662935398129,10.3463480004917,2.84255016862455,51.033172807999,,69.264786782595,-13.4523209100006,16.5305146684984,22.9369936243306,0.396255391330227,8.33626551212733
Isla-1999,989.256425552061,7.31967694226456,13.6832955179838,0.368530563026282,54.08050413581,175.058296953409,236.63415814308,396.189295712987,549.810928566441,699.185817679344,914.923207441237,1018.07045547404,1163.83949629819,56.0735480489763,38.1317546889344,5.79469726208922,5095.58777159183,50.7434144265253,44.3451877827462,,89.8936326385508,29.3105204032868,37.3242091282341,85.5480068409772,0.607473430512072,7.95623225539678
Jatibarang-1983,879.846030218068,0.07,7.53,0.074275,75.4163627790462,125.307473711396,174.740575223529,355.26320629231,482.872158687762,614.0753058296,805.614116668936,896.827650229383,1051.88684166095,17.3011334333598,74.7734970693078,7.92536949733241,159.604769828431,12.1861520421783,64.0839684232945,,76.6650110771305,47.2181053996639,42.7378416529462,64.7519059593239,0.3,7.3836051168229
Jotun-2005,817.303022930847,0.189460930952849,1.70896732597644,0.0561097821881756,-8.04779327971306,46.6569687376867,71.5020668572797,184.481779615716,286.180221259189,387.53692370284,543.06624155585,658.667797381356,775.306528919868,38.8496356358263,39.9864166950522,21.1639476691216,2.47384706772334,0.884022683392428,53.8420579663773,,74.496366367158,-21.6372334031478,13.2559474490035,29.1714797492313,0.0700599002218555,6.58950745715714
Kayarah-1997,957.238273898524,6.52939663904206,15.3347819181792,0.201731120984427,19.5136730904654,117.574498215644,184.511522254761,357.617317465111,494.456236056735,625.028033884621,817.452307169747,908.650990162436,1055.69200872857,65.6002426844091,20.2812954713626,14.1184618442283,76.2155739404773,13.8486658813571,44.0756024188855,,69.6582115922905,21.8208599329073,45.990486749572,84.2460958617551,0.314319397779659,7.66119131167952
Kearl-2014,914.923581216188,3.38177951204418,9.01554912890919,0.318993099010201,-38.1770567863161,69.3819819066096,94.3073184808464,338.84276344632,462.987103070635,579.571718461297,760.838765949713,848.28298014744,995.506256728367,51.114061696391,33.9056540918346,14.9802842117744,22.0088949024347,4.64641410412768,44.6270765926912,,46.6303230837779,0.450155787967333,-0.903341222951497,9.03829934061792,1.85977053844205,10.190282371498
Kearl-2020,928.792687844413,3.85479872491508,9.34496032453793,0.316584103763793,39.0312853515386,59.6028271492977,106.079243146371,359.062858543361,471.690913682349,580.166053978755,747.438835297066,827.80399057223,956.435670652496,82.7677580910484,7.88549120714811,9.34675070180352,31.1336961795787,4.71922297755403,47.4606921791907,,55.796246138824,-12.9425149692782,4.59215672827725,8.67218391113855,0.422422004180849,10.8587476671239
Kissanje-2016,874.971232235969,0.409329596627081,4.02110940744094,0.184322047028974,-1.12582983219352,88.2166580674144,127.157131387272,257.93823639907,365.066811077557,495.531051048377,680.61789619383,768.750224978713,932.744699213777,36.5026369392526,52.2296862470177,11.2676768137297,8.78965940583127,2.52935268037985,54.1851589368617,,44.1123077320352,22.294906038534,17.6589524481614,23.3540809360569,0.411167983547803,6.68895509744507
KuMaloobZaap-2007,985.763064133532,5.091297321189,18.0980506380546,0.400251930751154,66.6252977571568,150.313338915847,216.849876395937,428.079504844716,596.760868141401,762.390654759024,999.422413336224,1109.01951751899,1280.34550249543,50.5104554409199,40.1983047002615,9.29123985881859,8368.74963605127,61.3386560706763,51.9993846392295,,102.136001531436,124.451251700138,44.8080553617444,47.8300471635151,0.0695957589232807,8.03123848001907
Kuito-2000,937.108996275393,0.668656144434473,7.42577034912726,0.54322731692522,92.6725337999621,164.625874808953,218.874620979777,328.569920129889,441.449058473528,553.133472152733,636.047617442954,700.53910839681,788.984758566611,36.0950760097474,62.390775887282,1.51414810297067,66.5535898179537,8.17403463812225,49.2395415813879,,57.3515938451961,5.74303421972076,21.8696488110297,37.5389493883641,2.05266657770485,7.38386758002488
Kutubu-2021,773.671180876733,0.0212896029196019,0.465378197756971,0.0164066073254297,17.4031777150892,44.9980502126439,57.5475448554561,103.645768769289,153.261706352863,228.048929676388,377.904379087558,456.58711301964,576.780348985183,28.0091380523029,40.0372819615935,31.9535799861037,0.967374793223359,0.549800222897404,41.8289246311452,,58.5817197134357,-46.0425333815233,-4.00497794474131,4.83862418838678,0.0295876135227472,6.15384076694325
LacKitinaBitumen-2009,1030.17164942695,14.1837698858363,19.7151822621115,0.583917175511259,292.828623567002,341.486237567854,385.085344163248,496.024648413803,570.396881516098,645.379045935333,753.710486416164,805.373373648113,900.215000884941,98.6628592355967,1.13928105555301,0.196859708850256,1221133.48122874,945.937902364869,38.6259241684395,,98.6488758520903,76.1590339901388,85.9436122799389,108.671530071585,4.39136875351554,8.52791383958514
LagotrecoHeavy-1994,954.232868743869,3.39248547387128,12.6130253234236,0.286985925688949,55.9842710846908,143.983154896562,219.068360204265,381.032409725801,539.156098410637,715.021514173861,971.082689787452,1091.50694303484,1277.28039507784,68.2290286188046,23.6914279323,8.07954344889529,250.988363873693,14.3962923304755,56.3716803062232,,92.7697975188329,31.9834496093407,32.6719394528369,85.523335742221,1.05884325990975,7.64393402099701
Laguna-1995,989.816920183821,2.94393505452282,10.5683970562298,0.378315199045573,184.464038541085,268.691477507784,315.054298680508,437.854288377164,545.545410579865,651.960015987153,805.040303869814,878.433145199682,1001.64735833152,79.7103248091147,18.6151522596937,1.67452293119165,8209.13095288927,126.818690692518,47.4055967904973,,92.4196360081186,29.9029098656451,54.5725742617579,86.8425587502224,3.27199373640171,8.04190207579552
Lokele-2000,928.710941021331,0.388961600436045,4.6781461677966,0.445689076320932,67.6101317512519,158.996006175834,204.542358020031,304.636842437881,390.616836274321,498.675012206789,639.529768284861,705.767807419676,829.790403206988,28.8087673328993,68.812574936681,2.37865773041973,40.5177529286044,5.52050546033792,41.6877504483406,,48.6382955226741,-14.6363812197146,19.41664010968,23.2768968647514,2.47151769777317,7.09590430761759
Marlim-1997,931.181966113801,0.745076736068905,7.62085397347694,0.390463504002718,45.0040932367311,134.680488432972,196.712222764527,341.910684136899,465.281244042324,572.106449278266,681.603477444667,732.845571578032,838.573977045123,42.6516318074496,53.0403551344953,4.30801305805505,73.3418660871235,9.15254347354215,49.1270929767337,,60.8497239913924,36.0550970612605,33.7194318851787,38.2894463124523,1.17901818649715,7.29914718588753
Menemota-1990,944.665446821223,2.70073309282204,10.2713539485206,0.355625045182387,54.276692428396,134.448683651821,205.127370965865,352.609622562921,492.710567905264,638.265169690694,850.695199805968,952.135168569412,1121.56440997088,47.6291887912433,45.2305588224188,7.14025238633795,109.042124598479,9.59628503872984,52.2765778696061,,70.0541832229965,-15.1659114991673,2.56232245216773,26.1463109091057,1.56604663008363,9.88001447794805
Merey-1997,964.102003037202,2.58203375921889,6.39663042133951,0.470105664943041,99.9999999999999,193.984235633177,249.310864265668,380.438975685862,463.278733711217,547.650459100006,669.758407395467,728.394413218057,827.406908355861,54.3981161575638,42.6450643453797,2.95681949705646,"Property
KinematicViscosity (cSt)@ 37.78 (C)    2126.211103
KinematicViscosity (cSt)@ 37.78 (C)    2126.211103
Name: Bulk Value, dtype: float64","Property
KinematicViscosity (cSt)@ 98.89 (C)    24.829586
KinematicViscosity (cSt)@ 98.89 (C)    24.829586
Name: Bulk Value, dtype: float64",40.7882146997888,,70.01909487314,83.786226754776,-64.8840185757645,-58.3864940443959,0.73,11.7554189897334
Merey-2009,951.886456123121,2.55697777805289,11.5259975083313,0.34060213549817,47.7083363674016,132.358133046759,214.425365139278,357.044836586538,488.58776683924,648.185543351019,926.340527971282,1051.75813555193,1250.49071255794,42.3260593507616,51.0069110500509,6.6670295991876,169.55716745323,13.5133314372983,51.3390909700909,,80.3301007325685,161.779072685503,33.8191873558884,38.0394787548499,0.979552062595578,7.57995845308217
Mittelplate-2010,919.475269929841,3.33820702922404,9.46516195636172,0.299624944460507,-2.01475139044624,105.140892558631,172.971340448653,349.301788952045,498.331071552039,619.836868099137,798.193100325694,883.384512967991,1038.60140976008,60.4263170841599,26.5283547294733,13.0453281863668,51.0879663368688,8.88889120145027,56.816128548012,,72.7066486302871,78.8230672230588,29.152699596738,39.4926327166155,0.0633926282198183,7.24393773723282
Murban-2007,821.227912698174,0.85139649572293,1.19737666750571,0.040132604899596,5.81317068699082,65.0613878772628,95.4770104543733,187.62519533707,285.44218720527,392.593389408666,556.526846054806,643.231571485115,800.611405382194,31.4390497031223,37.2469012379364,31.3140490589413,2.60793069447757,1.09337534887582,56.7561405020584,,68.7023941075201,-17.024895417865,3.86627256041965,42.3443988648316,0.0231665000366307,6.70218762656765
Nemba-2015,842.594022781646,1.3236027451157,3.62029382465746,0.18218583631578,-60.5902937875513,49.9422449442676,88.7874659662736,195.729705569363,309.967546545998,445.568600931925,619.152610368651,693.312374495629,831.755491090908,28.2301544388246,50.1237680638695,21.6460774973059,4.30192454352178,1.71229319531468,52.0003558459808,,26.7024647500664,-4.08642894435064,20.3255153324567,26.0007876829453,0.304254704364734,6.16101691587811
Nemba-2016,832.336235226236,0.309745033793776,2.89475320870402,0.155985265325259,-10.3727028894627,30.3852513286964,83.9381030037334,182.127757045689,293.420463725129,418.645504346305,640.000461137888,754.14896088937,961.403198250882,28.0329668741758,48.3064106913949,23.6606224344292,3.29658871843604,1.46645263745464,51.5522155600845,,30.604779004288,-17.1795432742276,20.48564716664,26.4551074864443,0.177003960926276,6.05771132469568
Nigerian-Forcados-2013,863.510793714708,0.155673191611102,1.05732635818087,0.123992407828664,-6.4703624118506,83.896732454006,114.340089544898,232.208633132847,298.110552221774,380.191696456593,510.631993190837,588.16795090032,736.148460172539,33.1522206928719,48.9244921376396,17.9232871694885,4.4048853800235,1.36376866170182,43.407778236835,,22.4090356936996,-18.706059446681,17.0748767028142,26.278783833994,0.37949644797236,6.39183896740507
OmanExport-2011,868.34573873613,1.70292659225092,6.07945058172563,0.128387563956198,27.0859672071161,73.001898193625,115.056543423033,272.626802765402,408.694467169875,565.468573398028,793.909834493849,902.7994173647,1100.72350660868,59.9622894339337,23.7395280187629,16.2981825473034,6.59687306113188,2.12541961460987,62.3979359372027,,56.3369481782831,11.365038681578,8.38242589864717,28.2332629644101,0.509999999999999,7.63482268975275
Pazflor-2012,897.810577628245,0.414061456736412,4.57504442867899,0.244999422996008,32.0132590109575,107.76942907656,170.730082490519,299.032930277935,399.112936347652,516.166364732422,715.103832706171,812.071590403975,985.704170281605,33.6415511749084,58.1143203319313,8.24412849316026,15.7102732064152,3.75647908704174,53.6652949419516,,71.0681981287371,8.97635122101383,5.5431657546751,39.2717632344098,1.12420926427145,8.44710132267206
Peregrino-2013,971.983084396831,2.4553443968991,28.2230297086068,0.703526780102882,227.554379637837,385.253498182455,497.464121616782,767.378662215604,956.072089687712,1115.79474039081,1270.46419965498,1311.46460702665,1342.56956347609,61.4317605213113,34.6728687171634,3.89537076152534,"Property
KinematicViscosity (cSt)@ 37.78 (C)    352.223909
KinematicViscosity (cSt)@ 37.78 (C)    352.223909
Name: Bulk Value, dtype: float64","Property
KinematicViscosity (cSt)@ 98.89 (C)    34.37301
KinematicViscosity (cSt)@ 98.89 (C)    34.37301
Name: Bulk Value, dtype: float64",83.5182334129244,,71.9949469156428,36.5112545825141,39.2373075396622,55.2853223328965,0.188789134066278,7.15105890880883
Peregrino-2016,977.670438636652,1.93129197121105,14.037018426216,0.607080097794658,109.474454395054,195.358633233328,257.759355012755,419.948356784596,545.583430158029,618.221973616822,747.00769138038,801.339547139613,863.485535978323,49.4934799279814,46.9370580850673,3.56946198695136,1674.45560186116,66.1883691464944,46.1959669510528,,80.0155247984846,57.8266342847086,52.7977203148731,60.0939331232537,0.479933638903243,7.8932969591996
Pilon-1995,974.31936508573,2.93701533343372,11.6863505028005,0.31406257502738,148.123603939684,243.777650745371,280.249157242482,362.516962115578,491.38843987239,639.956420009778,859.10814727534,963.191673306934,1152.06280713087,92.8775940279685,5.73244122354178,1.38996474848973,11512.4526688037,66.6684151538887,49.8586938565497,,84.0410614280472,44.5722023971609,36.513826951639,72.2435529376916,1.07390917594603,7.80165714064436
Pisticci-2001,1005.22910271755,6.47264124767601,14.4103950691115,0.229107611267006,83.5220188076288,194.85592861686,257.103173949355,399.438268700736,546.490642707185,696.362558902876,913.912028812255,1017.65884923838,1163.9747244168,82.1055824884706,14.022477503929,3.87194000760036,3749.58345604037,117.979278448815,43.7105693991029,,91.5978171069759,22.931187481838,82.5451463995013,87.4444948822477,0.882493689512057,13.0822048844842
Polvo-2009,928.840473189161,1.13447216350517,8.64728801774366,0.515184677112926,26.6402694634775,111.666775709092,186.586165210414,346.516694043202,469.293172005439,601.548953486332,795.727829819037,887.618627430241,1051.03079666806,41.5123756691832,50.5576457439386,7.92997858687827,48.0257354494172,8.56988799679444,52.1223275214659,,70.1729897923939,27.9236496597076,12.9041640335518,46.8789069246522,0.201120828672479,9.49445049365688
PonteDirillo-2010,969.781608903897,6.42533027066589,7.70865432862936,0.249229292735671,79.7580771047911,172.368401206283,260.393262091523,419.777051451514,548.752927362655,689.694403422791,892.157126168252,987.979450727814,1152.85850296186,60.6756145709721,31.9684978353679,7.35588759366003,644.299229595495,20.6502752128556,53.5403978194854,,94.5611045564639,64.2299172989698,30.9388681282399,78.9080237682891,3.78644002976742,7.76133913559293
QatarMarine-2008,857.748999068288,1.70990757753983,5.23978303454393,0.106030791415201,2.08439578190001,64.3529261990553,103.328670320339,231.64325766309,355.917033583047,473.715739030252,652.666843180887,736.636854505624,882.32417718765,57.0533939174342,24.1722432000272,18.7743628825386,5.47431139469312,1.83982764716987,53.7015917122136,,37.5258363256755,-6.23118871545211,6.61076035479454,30.0989197245118,0.699999999999999,7.84604921645725
QinHuangDao-2012,954.15289560056,0.278232561908265,7.46738005573897,0.474844296755037,184.489856637176,256.152540633513,299.33895618332,404.780421423671,502.681499041765,616.331473460957,783.673117164408,862.898038706831,1001.36088674377,24.9448286693993,72.8291444585152,2.22602687208548,872.963705710933,28.217848113801,57.3456233397665,,83.6729856531551,39.0940068925795,11.5108418589197,48.0786883262728,1.09979609223121,10.749631002881
QuaLboe-2013,844.481398540007,0.133901460677892,1.51813007908038,0.120204187442248,33.5791753061424,68.9710561175604,100.544475857868,208.228572129275,299.505625965273,392.930866169656,521.951546687137,585.249488975976,679.411373190048,26.7988451444373,42.7866676968551,30.4144871587076,3.26697053313354,1.21623200629296,49.9061370779293,,70.4218925886096,-15.1683850407608,17.6221017669278,36.5387947595893,0.3617869990007,7.35131329558407
RasGharib-2015,928.94734671828,3.56679139541554,11.4374797985589,0.485045668642736,43.3120964824457,119.010822260092,177.626292963564,332.946821580966,474.843377386593,577.078109988037,693.399833267258,747.851268334961,831.93900038872,50.3350657900777,34.769574551169,14.8953596587533,56.6916067742341,7.31219384368128,48.863444593712,,59.3881649190832,17.2188545728846,38.1297267855305,42.7519383238197,0.191243978776888,7.37775540009572
Rospo-2013,988.671320247066,6.30297930066446,21.5138166657809,0.324947261737303,46.8411325282793,104.889112369253,169.152873694254,376.637044715941,574.307945317336,770.370457093715,1040.91578658422,1153.48284964788,1313.65019115481,56.0832113125516,29.4074708641269,14.5093178233215,1361.02279901292,23.7450170452471,40.0690216302251,,94.7983620035379,19.8911366806287,62.8300577585849,82.6723984211886,0.152705197110821,7.97697210053376
RospoDiMare-2015,986.823439589884,6.49490223458576,21.6004175155023,0.276767539536739,65.274705090314,130.171304995758,196.6699776557,383.733518876665,578.325393010268,771.189257384055,1037.80668297091,1148.75643676482,1297.42777687211,58.06794658162,28.6880836936351,13.2439697247449,2313.43074343648,17.2856704764953,47.247537350409,,97.2087336540658,62.5067215185143,56.9391361961275,70.4660159467995,0.125491884214284,7.92073862333692
SaharanBlend-2010,799.237463007869,0.113138261920605,1.58576583689368,0.0480246030227537,-2.57522564270181,48.6666956124087,70.1634152076433,145.559580695998,224.834229786424,320.181523261519,500.062581829271,588.868990074444,750.825915173341,30.765029078381,35.4170918789257,33.8178790426932,15.0099085503833,0.815559440514257,50.5024812768319,,9.66084179731644,-5.4838445162199,-11.7739814787745,29.7020653568095,0.0437880765955547,6.42653606898159
Saqqara-2011,864.083203949085,1.4147220217628,4.29245043508152,0.189987290509817,14.5964597244562,80.7263403068429,119.511385179906,247.773189065528,364.626802247418,491.06358918925,710.042030092457,817.306466814374,1002.45675871141,35.4676418616233,45.0890651333099,19.4432930050668,6.54784102578636,2.06842074841471,56.9029801222935,,74.910197892838,11.2728255107672,7.07330640378166,59.2004498830756,0.0401981076921023,7.54875077780311
Sarago-1990,987.425202414831,7.71000110872419,15.4806029153763,0.217455857814847,66.108320923203,166.88635156151,223.742996812071,373.717132911794,556.061073159784,731.979862647926,980.386300920596,1091.28432657087,1268.59252820112,66.8122413497214,24.145830502833,9.04192814744563,728.825858168529,9.76597211882908,47.5203863914879,,63.7681648691368,38.4445906622797,65.3579683142256,101.107894928969,0.176787042021627,12.016587056407
SaturnoBlend-2013,887.764135331061,0.751257858888166,5.58811631013924,0.228980099282012,-2.56149469171004,71.2181649312292,126.962344523214,272.321722757064,394.554904362796,525.566151083828,729.123319565657,828.251762964492,1001.39255844562,41.8466116860517,46.1684203690988,11.9849679448495,11.4910669588848,3.06184269732777,51.8395970188896,,69.3696300350487,-11.2831546461258,5.12642943342536,30.7052903015813,0.666507997956914,8.38733510034512
Shaikan-2014,951.853238111637,4.94342842249831,16.0448769279959,0.282477401170323,74.5005132249364,116.53972247834,161.342151203206,338.739719025048,520.275026440046,620.287939725354,785.597309696534,834.076176405002,992.710035467275,52.2409703897767,31.4422037086583,16.316825901565,54.0230412532518,9.87693502208789,46.6183940888495,,67.5233260447999,43.1502631652124,33.996506300727,38.2458359024298,0.0695706675194416,7.58066693647806
Sharjah-Condensate-2011,720.475090324171,0.00306627303091716,0.000858813427833897,2.38178765306847e-05,-10.0414240495231,14.0947767944337,33.9730198659354,71.4751044404876,101.998435835753,121.594912849646,176.458091134985,210.761494960762,246.584172320743,12.0842137257863,30.4680381984346,57.4477480757791,0.687162192134543,0.441290012530055,36.0118910692551,,64.7183793257315,-65.6124081679214,-62.0014910743374,-55.5506133953068,0.00796720880276043,5.61239198735812
Shengli-1983,904.487975658799,1.00445877853391,6.66457694238973,0.0626,49.1799485001821,160.097296773844,230.350730309145,388.422791420643,509.060916109473,625.093467042399,796.716244316426,878.088942301331,1004.41331908626,32.2799881009381,59.5542496389613,8.16576226010059,56.1316497174716,8.85377230997823,68.7717482771244,,96.414463821154,37.6310228986049,27.6870452422013,49.5837923640682,1.16,7.85758912928018
ShoVelTumField-1984,926.371395267006,1.68,7.56299511372364,0.482,54.1268622652117,115.433165258007,163.899594761476,332.187842962856,454.459720735063,574.874958149278,750.7576523956,834.649622358659,976.868281716772,75.0401253597804,17.3012684994876,7.65860614073208,33.7678783395611,5.14999869947335,50.3563213827783,,60.7304330269715,39.3986512905738,-15.0042419677007,209.245455787281,0.30249178950351,10.1041292823674
Sirri-1983,869.564361320846,2.21598024391775,4.50412230368502,0.0,-84.1122946307472,41.3923898189273,96.2448521347238,223.623780272613,333.28966583128,452.853134161538,627.57657213652,710.931700317396,852.417772468841,20.9069268068534,54.5208014347392,24.5722717584074,6.86541071145676,2.09499099998623,33.7345009738879,,75.8147716314828,-7.10164473676059,0.293591571616389,37.3828472655783,0.84,8.44029693806465
Soroosh-1983,940.712449966571,3.33065915059758,12.0800544212935,0.0,42.5021858861953,127.25298190899,195.330145931665,372.615933944352,504.410578929121,639.001667796003,833.777809702188,926.384469158181,1061.79034380626,45.5363573819465,45.1703227603299,9.29331985772354,378.528932856262,20.8890429545553,53.2425257251325,,89.6857900264643,32.4012091972153,24.5988396252725,33.2326882691773,0.139187204089349,10.1963395544881
Soroosh-2006,940.259175763157,4.07977114166437,13.2357547382028,0.306030901680258,7.99507441054317,114.649680869891,187.407803422168,361.307352126651,504.007456183054,652.544605955151,866.150135714796,967.301564931645,1150.14014402667,47.7659929347772,40.9057181153847,11.3282889498381,111.953783722974,9.86742940814005,52.6665166370609,,78.3401139277607,31.1030111088697,30.6036097505768,44.4378921847167,0.200522184152859,7.46033470246935
Strangolagalli-2001,927.298663694108,3.73793909310743,1.55360241066685,0.0198264317781906,128.342470826702,187.651176781449,223.505523137761,291.861801089671,340.999647021246,391.155835003814,498.560272914167,551.466607872262,650.131576749826,90.0479595250464,4.10191109001219,5.85012938494141,13.0982905286269,2.90258315570915,33.3185587273639,,31.7044935244275,-4.78015875006179,-1.03303288308541,12.2860425609281,0.310116832041855,10.7153620625559
SumatranHeavy-2012,929.553892822776,0.208845892386644,11.7581402493052,0.364664975127438,108.981492833233,193.141759879914,256.488105003294,392.852749093797,531.823859045302,689.282170479563,916.498243967624,1025.10356116527,1168.46824061602,24.6800877238235,72.3642738261055,2.95563845007096,173.693177533389,15.6003344165511,58.6522167633664,,90.7054454924573,55.2477082681742,28.7547429472321,50.8006335576719,0.949468566656665,9.55568997093807
SynbitSHB-2010,954.004700148026,2.74605256101744,6.87735919707315,0.273049461376354,48.1627747252338,140.729716843987,198.806343785868,317.921064498432,422.052067768944,554.179624986352,745.69282692941,836.615161102242,1000.73350099406,82.5431597438962,12.2351819342288,5.22165832187502,57.3875959501255,6.20511672817591,41.3784227242119,,57.8564253209665,15.093190810896,29.6234246991291,43.0269227826719,1.33,12.865397795684
TempaRossa-2001,929.035024382613,6.65437248290026,14.5984221261856,0.1979146832542,-3.21051887145723,56.0168478813375,110.413031705197,282.581556301842,444.812635146373,621.32016077166,879.363542990964,1002.55488685179,1166.53956678614,76.5789110419475,4.17355047285198,19.287283854721,25.8156439242486,5.17916352818411,43.2692668317365,,56.9102792823911,22.8506782298667,4.55894776618874,57.4668885283681,0.14874237723756,11.5738863457978
TiaJuanaPesadoA-1983,983.090891583769,2.70104734438207,6.59289067598634,0.058,183.786018987382,254.019651693461,301.138932999577,410.917050506058,479.487084864273,551.851841119351,653.646114767096,703.740650156788,782.043486369826,95.4374558773456,3.56194125106017,1.00060287159425,11141.0651408694,72.4961038509658,40.660647954756,,97.1044840317805,75.6326610755465,-1.11427855475142,244.109784143925,0.729999999999999,12.1130077742465
TiaJuanaPesadoB-1983,987.198770689334,2.74644672053055,13.2633710546356,0.34821973771689,173.891629452988,256.816942165851,309.078946793221,436.990284308556,537.810280805334,637.848975386703,783.434061141911,852.896189417086,976.044155924089,50.3102411306043,49.3643847072644,0.325374162131382,2930.43272856271,75.345390548724,50.007602488407,,68.9256948160631,9.78093378897626,20.0656200752884,60.7861668313769,3.67618887224645,11.3146062355688
Usan-2013,870.138753682927,0.22785870855577,2.79127280978191,0.190668177300005,10.8695277238786,65.8210162147049,103.885527127434,219.169728909868,312.857782362352,410.624085768289,571.988841510951,644.085077144175,761.402354475085,65.6615134982006,22.9568011828334,11.381685318966,4.12838639905978,1.4625818132871,42.6181541456765,,63.8187413800322,-24.9282040161265,-1.94915393656731,16.8331466075817,1.11238362771844,8.40595459804432
Vega-2015,938.841271744311,2.16182045358883,14.0653857741199,0.426530559218298,49.8015715671405,139.339646636813,199.236912338011,314.079730641446,455.23921043978,577.746905543939,708.648978184109,769.840116741198,843.701847886055,45.5681118865979,43.5476268186622,10.8842612947399,55.5090141706302,6.72621693397316,46.5824817359246,,58.9770558300801,25.4336189919419,46.7453395166639,54.4164954183485,0.706755708534622,7.33836141126847
Xicomba-2004,846.495932424064,0.410022780347989,3.41101714460099,0.122915599452331,-14.1638434657685,53.089252191751,99.6291516332608,231.181382907969,342.183561611329,463.943440836883,639.690122161319,726.133859215381,885.336256510621,35.8858102269621,45.3920187632056,18.7221710098323,4.91026198823773,2.10304152636499,55.2860534347478,,37.6929608192852,-8.93333570295624,24.3623031001786,42.8770994056487,0.132137607514569,6.30439489997071
Yoho-2008,823.786485284191,0.0950735925105241,1.07195501345937,0.0647764955845928,18.3370600752787,58.9903957737589,82.5601176434956,172.45388045717,254.195830445245,338.797074231493,456.879648863048,511.061210899787,601.749775698624,23.5560132098787,36.7248932030384,39.7190935870829,2.05330872097085,0.890429098250677,46.5121979876707,,65.7186412365239,-25.852581815946,17.8551632883052,26.3150387729518,0.26,7.08949783849438
Yombo-1992,949.686519377836,0.309322332995975,10.5899057435566,0.390117515822631,114.930697455777,224.053647713894,278.827290543336,415.034527492867,541.64779203263,664.132854685948,841.858836434438,926.945932412398,1058.43643316881,35.1312839252544,62.5638843347021,2.30483174004348,1124.88721280377,64.6482818144058,60.5068215138788,,104.822511720862,31.9876970270787,29.9745547253332,72.8468100707953,0.953563831611239,9.24464884330051
Zarzaitine-2011,799.051530254746,0.0816720119864416,0.927243564053744,0.044693813674618,-19.4850637214112,12.47090582223,70.960596704939,155.249130082083,252.198707883448,362.325623300626,552.023622992657,626.703784756227,763.599985836927,22.2766071781354,45.4282239555329,32.2951688663317,2.13285858926745,1.1154090587013,50.3503576507584,,19.8646513852905,-14.4108091431741,4.55336382151165,40.3712557545622,0.0632249628730188,6.17064953586099
ZuataFluxed-2009,975.696670787277,3.639206917875,12.9885372520315,0.617274176093139,77.1390851511093,134.372423372392,184.102903275513,383.368451810309,516.78390967354,681.977758606844,919.993078780114,1030.31887645079,1168.25567208137,46.2493627401439,48.5618140843257,5.18882317553041,454.128950612345,17.4370936674124,46.1867929362973,,85.9270525762305,6.2349034393967,61.5202631550909,67.127052315354,1.91953094945057,7.74044391978074
ZuataUnfluxed-2009,1005.47497530382,19.6069192543442,14.4652176926174,0.68018980143254,216.404859265434,238.25578266806,292.179251645202,431.539790341685,554.433933748814,675.347270637656,850.021637980774,932.91500304736,1070.40955398912,54.4540938360402,44.7146313578101,0.831274806149761,6776.66124138485,62.5449009939819,45.1816673318599,,94.9522349270102,19.4510684679315,68.806897607803,74.2832307660968,2.12061773039067,8.12600533884453
